<?xml version="1.0" encoding="UTF-8"?>
<project-private xmlns="http://www.netbeans.org/ns/project-private/1">
    <editor-bookmarks xmlns="http://www.netbeans.org/ns/editor-bookmarks/2" lastBookmarkId="0"/>
    <open-files xmlns="http://www.netbeans.org/ns/projectui-open-files/2">
        <group>
            <file>file:/C:/Users/yahir/OneDrive/Documentos/NetBeansProjects/patollijava/src/patollijava/FrmTableroPlayer4.java</file>
            <file>file:/C:/Users/yahir/OneDrive/Documentos/NetBeansProjects/patollijava/src/patollijava/FRMTABLERO.java</file>
            <file>file:/C:/Users/yahir/OneDrive/Documentos/NetBeansProjects/patollijava/src/Entidades/Jugador.java</file>
            <file>file:/C:/Users/yahir/OneDrive/Documentos/NetBeansProjects/patollijava/src/patollijava/FrmMenu.java</file>
            <file>file:/C:/Users/yahir/OneDrive/Documentos/NetBeansProjects/patollijava/src/patollijava/FrmTableroPlayer3.java</file>
        </group>
    </open-files>
</project-private>
